labels,image number,DFT Binding Energy,Alchemy Binding Energy,BE Absolute Errors,Transmutation Site Index,ESP Difference at Transmute Site,DFT Activation Energy,Alchemy Activation Energy,Ea Absolute Errors
0.0.Ir0.Au12,1,-0.06356599999998025,-0.0963999999999885,0.032834000000008245,12,-0.5762999999999892,-0.8077800000000082,-0.7267000000000081,0.08108000000000004
0.1.Ir0.Au13,1,-0.048323999999979605,-0.07559999999999434,0.027276000000014733,13,-0.555499999999995,-0.00836000000001036,-0.05310000000000059,0.04473999999999023
0.2.Ir0.Au14,1,-0.05215499999997064,-0.07659999999999911,0.02444500000002847,14,-0.5564999999999998,-0.048570000000012215,-0.011499999999998067,0.03707000000001415
0.3.Ir0.Au15,1,-0.0499529999999595,-0.07739999999999725,0.027447000000037747,15,-0.5572999999999979,0.007530000000002701,-0.033699999999996066,0.04122999999999877
0.4.Ir0.Au8,1,-0.04685600000001955,-0.0771000000000015,0.030243999999981952,8,-0.5570000000000022,0.01099999999999568,0.03649999999998954,0.02549999999999386
0.5.Ir0.Au9,1,-0.04507699999996362,-0.07630000000000337,0.031223000000039747,9,-0.556200000000004,0.010919999999998709,0.011199999999988108,0.00027999999998939984
0.6.Ir0.Au10,1,-0.04701599999998507,-0.07630000000000337,0.029284000000018295,10,-0.556200000000004,-0.057390000000026475,-0.00940000000001362,0.047990000000012856
0.7.Ir0.Au11,1,-0.04676900000001183,-0.07720000000000482,0.03043099999999299,11,-0.5571000000000055,-0.02529000000004089,-0.006100000000003547,0.019190000000037344
1.0.Ir1.Au12,1,-0.06462299999998322,-0.09669999999998424,0.03207700000000102,12,-0.5762999999999892,-0.822829999999982,-0.7314000000000078,0.09142999999997414
1.1.Ir1.Au13,1,-0.04749599999999532,-0.07589999999999009,0.028403999999994767,13,-0.555499999999995,-0.014130000000022847,-0.057800000000000296,0.04366999999997745
1.2.Ir1.Au14,1,-0.05241399999994201,-0.07689999999999486,0.024486000000052854,14,-0.5564999999999998,-0.05345000000002642,-0.016199999999997772,0.03725000000002865
1.3.Ir1.Au15,1,-0.05005299999999124,-0.077699999999993,0.027647000000001754,15,-0.5572999999999979,0.00354999999998995,-0.03839999999999577,0.04194999999998572
1.4.Ir1.Au8,1,-0.04660599999996862,-0.07739999999999725,0.030794000000028632,8,-0.5570000000000022,0.017269999999996344,0.031799999999989836,0.014529999999993493
1.5.Ir1.Au9,1,-0.04627999999999588,-0.07659999999999911,0.030320000000003233,9,-0.556200000000004,0.001519999999970878,0.006499999999988404,0.004980000000017526
1.6.Ir1.Au10,1,-0.046278999999998405,-0.07659999999999911,0.03032100000000071,10,-0.556200000000004,-0.07433000000003176,-0.014100000000013324,0.060230000000018435
1.7.Ir1.Au11,1,-0.047261999999932414,-0.07750000000000057,0.030238000000068155,11,-0.5571000000000055,-0.038170000000064874,-0.010800000000003251,0.027370000000061623
0.0.Au0.Ir12,1,0.07455500000003212,0.0963999999999885,0.02184499999995637,12,-0.5762999999999892,0.428089999999969,0.7267000000000081,0.2986100000000391
0.1.Au0.Ir13,1,0.053517999999996846,0.07559999999999434,0.022081999999997493,13,-0.555499999999995,0.026299999999991996,0.05310000000000059,0.026800000000008595
0.2.Au0.Ir14,1,0.052398000000010825,0.07659999999999911,0.02420199999998829,14,-0.5564999999999998,-0.043630000000007385,0.011499999999998067,0.05513000000000545
0.3.Au0.Ir15,1,0.055008000000015045,0.07739999999999725,0.022391999999982204,15,-0.5572999999999979,0.012729999999976371,0.033699999999996066,0.020970000000019695
0.4.Au0.Ir8,1,0.06077900000002501,0.0771000000000015,0.016320999999976493,8,-0.5570000000000022,-0.054200000000008686,-0.03649999999998954,0.017700000000019145
0.5.Au0.Ir9,1,0.06582900000006475,0.07630000000000337,0.010470999999938613,9,-0.556200000000004,0.012889999999970314,-0.011199999999988108,0.024089999999958422
0.6.Au0.Ir10,1,0.059889000000026726,0.07630000000000337,0.01641099999997664,10,-0.556200000000004,-0.021710000000012997,0.00940000000001362,0.031110000000026616
0.7.Au0.Ir11,1,0.061809000000039305,0.07720000000000482,0.015390999999965516,11,-0.5571000000000055,-0.007520000000027949,0.006100000000003547,0.013620000000031496
1.0.Au1.Ir12,1,0.07206800000000158,0.09669999999998424,0.024631999999982668,12,-0.5762999999999892,0.42517999999998324,0.7314000000000078,0.3062200000000246
1.1.Au1.Ir13,1,0.05511100000001079,0.07589999999999009,0.020788999999979296,13,-0.555499999999995,0.02440999999998894,0.057800000000000296,0.033390000000011355
1.2.Au1.Ir14,1,0.05228800000000433,0.07689999999999486,0.02461199999999053,14,-0.5564999999999998,-0.042610000000024684,0.016199999999997772,0.058810000000022455
1.3.Au1.Ir15,1,0.05510900000001584,0.077699999999993,0.022590999999977157,15,-0.5572999999999979,0.012939999999986185,0.03839999999999577,0.025460000000009586
1.4.Au1.Ir8,1,0.06620600000007926,0.07739999999999725,0.011193999999917992,8,-0.5570000000000022,-0.041010000000056834,-0.031799999999989836,0.009210000000066998
1.5.Au1.Ir9,1,0.06073900000001231,0.07659999999999911,0.015860999999986802,9,-0.556200000000004,0.00309000000001447,-0.006499999999988404,0.009590000000002874
1.6.Au1.Ir10,1,0.06014900000002399,0.07659999999999911,0.016450999999975124,10,-0.556200000000004,-0.026530000000008158,0.014100000000013324,0.04063000000002148
1.7.Au1.Ir11,1,0.061199000000044634,0.07750000000000057,0.016300999999955934,11,-0.5571000000000055,-0.00985000000005698,0.010800000000003251,0.02065000000006023
0.0.Ir0.Au12,2,-0.07253599999998528,-0.10850000000000648,0.0359640000000212,12,-0.5482999999999976,-0.8077800000000082,-0.7267000000000081,0.08108000000000004
0.1.Ir0.Au13,2,-0.05326399999995601,-0.08100000000000307,0.027736000000047056,13,-0.5207999999999942,-0.00836000000001036,-0.05310000000000059,0.04473999999999023
0.2.Ir0.Au14,2,-0.05608499999996752,-0.07990000000000919,0.023815000000041664,14,-0.5197000000000003,-0.048570000000012215,-0.011499999999998067,0.03707000000001415
0.3.Ir0.Au15,2,-0.053172999999986814,-0.08190000000000452,0.02872700000001771,15,-0.5216999999999956,0.007530000000002701,-0.033699999999996066,0.04122999999999877
0.4.Ir0.Au8,2,-0.04876600000002895,-0.07960000000001344,0.030833999999984485,8,-0.5194000000000045,0.01099999999999568,0.03649999999998954,0.02549999999999386
0.5.Ir0.Au9,2,-0.04614699999996219,-0.07850000000001955,0.032353000000057364,9,-0.5183000000000106,0.010919999999998709,0.011199999999988108,0.00027999999998939984
0.6.Ir0.Au10,2,-0.049806000000018,-0.08030000000000825,0.03049399999999025,10,-0.5200999999999993,-0.057390000000026475,-0.00940000000001362,0.047990000000012856
0.7.Ir0.Au11,2,-0.049369000000012875,-0.08140000000001635,0.03203100000000347,11,-0.5212000000000074,-0.02529000000004089,-0.006100000000003547,0.019190000000037344
1.0.Ir1.Au12,2,-0.07330299999998147,-0.10819999999999652,0.034897000000015055,12,-0.5482999999999976,-0.822829999999982,-0.7314000000000078,0.09142999999997414
1.1.Ir1.Au13,2,-0.05185599999998658,-0.08069999999999311,0.02884400000000653,13,-0.5207999999999942,-0.014130000000022847,-0.057800000000000296,0.04366999999997745
1.2.Ir1.Au14,2,-0.05601399999997625,-0.07959999999999923,0.023586000000022977,14,-0.5197000000000003,-0.05345000000002642,-0.016199999999997772,0.03725000000002865
1.3.Ir1.Au15,2,-0.05294299999997065,-0.08159999999999457,0.028657000000023913,15,-0.5216999999999956,0.00354999999998995,-0.03839999999999577,0.04194999999998572
1.4.Ir1.Au8,2,-0.04780599999998003,-0.07930000000000348,0.03149400000002345,8,-0.5194000000000045,0.017269999999996344,0.031799999999989836,0.014529999999993493
1.5.Ir1.Au9,2,-0.047580000000010614,-0.0782000000000096,0.03061999999999898,9,-0.5183000000000106,0.001519999999970878,0.006499999999988404,0.004980000000017526
1.6.Ir1.Au10,2,-0.04859900000002426,-0.0799999999999983,0.03140099999997403,10,-0.5200999999999993,-0.07433000000003176,-0.014100000000013324,0.060230000000018435
1.7.Ir1.Au11,2,-0.04974199999995221,-0.08110000000000639,0.031358000000054176,11,-0.5212000000000074,-0.038170000000064874,-0.010800000000003251,0.027370000000061623
0.0.Au0.Ir12,2,0.08294500000002358,0.10850000000000648,0.025554999999982897,12,-0.5482999999999976,0.428089999999969,0.7267000000000081,0.2986100000000391
0.1.Au0.Ir13,2,0.05540799999997148,0.08100000000000307,0.02559200000003159,13,-0.5207999999999942,0.026299999999991996,0.05310000000000059,0.026800000000008595
0.2.Au0.Ir14,2,0.05195799999998485,0.07990000000000919,0.027942000000024336,14,-0.5197000000000003,-0.043630000000007385,0.011499999999998067,0.05513000000000545
0.3.Au0.Ir15,2,0.056528000000014345,0.08190000000000452,0.02537199999999018,15,-0.5216999999999956,0.012729999999976371,0.033699999999996066,0.020970000000019695
0.4.Au0.Ir8,2,0.06266900000002806,0.07960000000001344,0.016930999999985374,8,-0.5194000000000045,-0.054200000000008686,-0.03649999999998954,0.017700000000019145
0.5.Au0.Ir9,2,0.0673990000000515,0.07850000000001955,0.011100999999968053,9,-0.5183000000000106,0.012889999999970314,-0.011199999999988108,0.024089999999958422
0.6.Au0.Ir10,2,0.06297900000001277,0.08030000000000825,0.01732099999999548,10,-0.5200999999999993,-0.021710000000012997,0.00940000000001362,0.031110000000026616
0.7.Au0.Ir11,2,0.06488900000002218,0.08140000000001635,0.01651099999999417,11,-0.5212000000000074,-0.007520000000027949,0.006100000000003547,0.013620000000031496
1.0.Au1.Ir12,2,0.07988800000001106,0.10819999999999652,0.02831199999998546,12,-0.5482999999999976,0.42517999999998324,0.7314000000000078,0.3062200000000246
1.1.Au1.Ir13,2,0.05648100000001932,0.08069999999999311,0.02421899999997379,13,-0.5207999999999942,0.02440999999998894,0.057800000000000296,0.033390000000011355
1.2.Au1.Ir14,2,0.05162800000002221,0.07959999999999923,0.027971999999977015,14,-0.5197000000000003,-0.042610000000024684,0.016199999999997772,0.058810000000022455
1.3.Au1.Ir15,2,0.056309000000027254,0.08159999999999457,0.025290999999967312,15,-0.5216999999999956,0.012939999999986185,0.03839999999999577,0.025460000000009586
1.4.Au1.Ir8,2,0.06729600000005576,0.07930000000000348,0.012003999999947723,8,-0.5194000000000045,-0.041010000000056834,-0.031799999999989836,0.009210000000066998
1.5.Au1.Ir9,2,0.06163900000004219,0.0782000000000096,0.016560999999967407,9,-0.5183000000000106,0.00309000000001447,-0.006499999999988404,0.009590000000002874
1.6.Au1.Ir10,2,0.06356900000002952,0.0799999999999983,0.016430999999968776,10,-0.5200999999999993,-0.026530000000008158,0.014100000000013324,0.04063000000002148
1.7.Au1.Ir11,2,0.06477900000001569,0.08110000000000639,0.016320999999990704,11,-0.5212000000000074,-0.00985000000005698,0.010800000000003251,0.02065000000006023
0.0.Ir0.Au12,3,-0.09391600000000722,-0.13299999999999557,0.03908399999998835,12,-0.5144999999999982,-0.8077800000000082,-0.7267000000000081,0.08108000000000004
0.1.Ir0.Au13,3,-0.05094399999995858,-0.07529999999998438,0.0243560000000258,13,-0.456799999999987,-0.00836000000001036,-0.05310000000000059,0.04473999999999023
0.2.Ir0.Au14,3,-0.05694499999995628,-0.07699999999998397,0.02005500000002769,14,-0.4584999999999866,-0.048570000000012215,-0.011499999999998067,0.03707000000001415
0.3.Ir0.Au15,3,-0.050792999999970334,-0.07749999999998636,0.026707000000016023,15,-0.458999999999989,0.007530000000002701,-0.033699999999996066,0.04122999999999877
0.4.Ir0.Au8,3,-0.04970600000001468,-0.08089999999999975,0.031193999999985067,8,-0.46240000000000236,0.01099999999999568,0.03649999999998954,0.02549999999999386
0.5.Ir0.Au9,3,-0.04637699999997835,-0.07869999999999777,0.03232300000001942,9,-0.4602000000000004,0.010919999999998709,0.011199999999988108,0.00027999999998939984
0.6.Ir0.Au10,3,-0.05258600000001934,-0.08380000000001075,0.031213999999991415,10,-0.46530000000001337,-0.057390000000026475,-0.00940000000001362,0.047990000000012856
0.7.Ir0.Au11,3,-0.05142900000001305,-0.08450000000000557,0.03307099999999252,11,-0.4660000000000082,-0.02529000000004089,-0.006100000000003547,0.019190000000037344
1.0.Ir1.Au12,3,-0.09445299999995882,-0.13070000000000448,0.03624700000004566,12,-0.5144999999999982,-0.822829999999982,-0.7314000000000078,0.09142999999997414
1.1.Ir1.Au13,3,-0.0484559999999874,-0.07299999999999329,0.024544000000005894,13,-0.456799999999987,-0.014130000000022847,-0.057800000000000296,0.04366999999997745
1.2.Ir1.Au14,3,-0.056303999999983034,-0.07469999999999288,0.01839600000000985,14,-0.4584999999999866,-0.05345000000002642,-0.016199999999997772,0.03725000000002865
1.3.Ir1.Au15,3,-0.05002299999998172,-0.07519999999999527,0.02517700000001355,15,-0.458999999999989,0.00354999999998995,-0.03839999999999577,0.04194999999998572
1.4.Ir1.Au8,3,-0.04914599999997904,-0.07860000000000866,0.029454000000029623,8,-0.46240000000000236,0.017269999999996344,0.031799999999989836,0.014529999999993493
1.5.Ir1.Au9,3,-0.04726999999999748,-0.07640000000000668,0.029130000000009204,9,-0.4602000000000004,0.001519999999970878,0.006499999999988404,0.004980000000017526
1.6.Ir1.Au10,3,-0.050689000000005535,-0.08150000000001967,0.030811000000014133,10,-0.46530000000001337,-0.07433000000003176,-0.014100000000013324,0.060230000000018435
1.7.Ir1.Au11,3,-0.05146199999995815,-0.08220000000001448,0.03073800000005633,11,-0.4660000000000082,-0.038170000000064874,-0.010800000000003251,0.027370000000061623
0.0.Au0.Ir12,3,0.10166500000002543,0.13299999999999557,0.03133499999997014,12,-0.5144999999999982,0.428089999999969,0.7267000000000081,0.2986100000000391
0.1.Au0.Ir13,3,0.046188000000000784,0.07529999999998438,0.029111999999983595,13,-0.456799999999987,0.026299999999991996,0.05310000000000059,0.026800000000008595
0.2.Au0.Ir14,3,0.04419800000002283,0.07699999999998397,0.03280199999996114,14,-0.4584999999999866,-0.043630000000007385,0.011499999999998067,0.05513000000000545
0.3.Au0.Ir15,3,0.04901800000001799,0.07749999999998636,0.028481999999968366,15,-0.458999999999989,0.012729999999976371,0.033699999999996066,0.020970000000019695
0.4.Au0.Ir8,3,0.06296900000003802,0.08089999999999975,0.017930999999961728,8,-0.46240000000000236,-0.054200000000008686,-0.03649999999998954,0.017700000000019145
0.5.Au0.Ir9,3,0.06685900000005063,0.07869999999999777,0.011840999999947144,9,-0.4602000000000004,0.012889999999970314,-0.011199999999988108,0.024089999999958422
0.6.Au0.Ir10,3,0.06638900000004355,0.08380000000001075,0.017410999999967203,10,-0.46530000000001337,-0.021710000000012997,0.00940000000001362,0.031110000000026616
0.7.Au0.Ir11,3,0.06728900000004501,0.08450000000000557,0.017210999999960563,11,-0.4660000000000082,-0.007520000000027949,0.006100000000003547,0.013620000000031496
1.0.Au1.Ir12,3,0.09677800000000047,0.13070000000000448,0.033922000000004005,12,-0.5144999999999982,0.42517999999998324,0.7314000000000078,0.3062200000000246
1.1.Au1.Ir13,3,0.047291000000029726,0.07299999999999329,0.025708999999963567,13,-0.456799999999987,0.02440999999998894,0.057800000000000296,0.033390000000011355
1.2.Au1.Ir14,3,0.04345800000001532,0.07469999999999288,0.031241999999977565,14,-0.4584999999999866,-0.042610000000024684,0.016199999999997772,0.058810000000022455
1.3.Au1.Ir15,3,0.0483289999999954,0.07519999999999527,0.026870999999999867,15,-0.458999999999989,0.012939999999986185,0.03839999999999577,0.025460000000009586
1.4.Au1.Ir8,3,0.06643600000003858,0.07860000000000866,0.012163999999970088,8,-0.46240000000000236,-0.041010000000056834,-0.031799999999989836,0.009210000000066998
1.5.Au1.Ir9,3,0.060699000000028036,0.07640000000000668,0.01570099999997865,9,-0.4602000000000004,0.00309000000001447,-0.006499999999988404,0.009590000000002874
1.6.Au1.Ir10,3,0.06634900000003086,0.08150000000001967,0.015150999999988812,10,-0.46530000000001337,-0.026530000000008158,0.014100000000013324,0.04063000000002148
1.7.Au1.Ir11,3,0.0668590000000222,0.08220000000001448,0.015340999999992277,11,-0.4660000000000082,-0.00985000000005698,0.010800000000003251,0.02065000000006023
0.0.Ir0.Au12,4,-0.14949599999997076,-0.1991000000000014,0.049604000000030624,12,-0.47860000000000014,-0.8077800000000082,-0.7267000000000081,0.08108000000000004
0.1.Ir0.Au13,4,-0.044853999999958205,-0.06550000000000011,0.02064600000004191,13,-0.34499999999999886,-0.00836000000001036,-0.05310000000000059,0.04473999999999023
0.2.Ir0.Au14,4,-0.055864999999954534,-0.07099999999999795,0.01513500000004342,14,-0.3504999999999967,-0.048570000000012215,-0.011499999999998067,0.03707000000001415
0.3.Ir0.Au15,4,-0.047472999999968124,-0.07119999999999038,0.023727000000022258,15,-0.35069999999998913,0.007530000000002701,-0.033699999999996066,0.04122999999999877
0.4.Ir0.Au8,4,-0.04957600000003026,-0.08150000000000546,0.031923999999975194,8,-0.3610000000000042,0.01099999999999568,0.03649999999998954,0.02549999999999386
0.5.Ir0.Au9,4,-0.04761699999997404,-0.07980000000000587,0.032183000000031825,9,-0.3593000000000046,0.010919999999998709,0.011199999999988108,0.00027999999998939984
0.6.Ir0.Au10,4,-0.0605160000000069,-0.09370000000001255,0.03318400000000565,10,-0.3732000000000113,-0.057390000000026475,-0.00940000000001362,0.047990000000012856
0.7.Ir0.Au11,4,-0.0553989999999942,-0.08970000000000766,0.03430100000001346,11,-0.3692000000000064,-0.02529000000004089,-0.006100000000003547,0.019190000000037344
1.0.Ir1.Au12,4,-0.14962299999996276,-0.1967999999999961,0.04717700000003333,12,-0.47860000000000014,-0.822829999999982,-0.7314000000000078,0.09142999999997414
1.1.Ir1.Au13,4,-0.03988599999999565,-0.06319999999999482,0.02331399999999917,13,-0.34499999999999886,-0.014130000000022847,-0.057800000000000296,0.04366999999997745
1.2.Ir1.Au14,4,-0.05398399999995718,-0.06869999999999266,0.014716000000035478,14,-0.3504999999999967,-0.05345000000002642,-0.016199999999997772,0.03725000000002865
1.3.Ir1.Au15,4,-0.0455029999999681,-0.06889999999998508,0.023397000000016988,15,-0.35069999999998913,0.00354999999998995,-0.03839999999999577,0.04194999999998572
1.4.Ir1.Au8,4,-0.04998599999996145,-0.07920000000000016,0.02921400000003871,8,-0.3610000000000042,0.017269999999996344,0.031799999999989836,0.014529999999993493
1.5.Ir1.Au9,4,-0.046750000000002956,-0.07750000000000057,0.030749999999997613,9,-0.3593000000000046,0.001519999999970878,0.006499999999988404,0.004980000000017526
1.6.Ir1.Au10,4,-0.057738999999997986,-0.09140000000000725,0.03366100000000927,10,-0.3732000000000113,-0.07433000000003176,-0.014100000000013324,0.060230000000018435
1.7.Ir1.Au11,4,-0.05427199999994059,-0.08740000000000236,0.033128000000061775,11,-0.3692000000000064,-0.038170000000064874,-0.010800000000003251,0.027370000000061623
0.0.Au0.Ir12,4,0.1466850000000477,0.1991000000000014,0.05241499999995369,12,-0.47860000000000014,0.428089999999969,0.7267000000000081,0.2986100000000391
0.1.Au0.Ir13,4,0.02850800000001641,0.06550000000000011,0.036991999999983705,13,-0.34499999999999886,0.026299999999991996,0.05310000000000059,0.026800000000008595
0.2.Au0.Ir14,4,0.02752799999998956,0.07099999999999795,0.04347200000000839,14,-0.3504999999999967,-0.043630000000007385,0.011499999999998067,0.05513000000000545
0.3.Au0.Ir15,4,0.034428000000019665,0.07119999999999038,0.03677199999997072,15,-0.35069999999998913,0.012729999999976371,0.033699999999996066,0.020970000000019695
0.4.Au0.Ir8,4,0.060119000000014466,0.08150000000000546,0.02138099999999099,8,-0.3610000000000042,-0.054200000000008686,-0.03649999999998954,0.017700000000019145
0.5.Au0.Ir9,4,0.06634900000003086,0.07980000000000587,0.01345099999997501,9,-0.3593000000000046,0.012889999999970314,-0.011199999999988108,0.024089999999958422
0.6.Au0.Ir10,4,0.07287900000002878,0.09370000000001255,0.02082099999998377,10,-0.3732000000000113,-0.021710000000012997,0.00940000000001362,0.031110000000026616
0.7.Au0.Ir11,4,0.06948900000003277,0.08970000000000766,0.020210999999974888,11,-0.3692000000000064,-0.007520000000027949,0.006100000000003547,0.013620000000031496
1.0.Au1.Ir12,4,0.13747800000001575,0.1967999999999961,0.059321999999980335,12,-0.47860000000000014,0.42517999999998324,0.7314000000000078,0.3062200000000246
1.1.Au1.Ir13,4,0.029721000000023423,0.06319999999999482,0.03347899999997139,13,-0.34499999999999886,0.02440999999998894,0.057800000000000296,0.033390000000011355
1.2.Au1.Ir14,4,0.02612799999999993,0.06869999999999266,0.04257199999999273,14,-0.3504999999999967,-0.042610000000024684,0.016199999999997772,0.058810000000022455
1.3.Au1.Ir15,4,0.03277900000003342,0.06889999999998508,0.036120999999951664,15,-0.35069999999998913,0.012939999999986185,0.03839999999999577,0.025460000000009586
1.4.Au1.Ir8,4,0.06157600000005914,0.07920000000000016,0.01762399999994102,8,-0.3610000000000042,-0.041010000000056834,-0.031799999999989836,0.009210000000066998
1.5.Au1.Ir9,4,0.05954900000003249,0.07750000000000057,0.017950999999968076,9,-0.3593000000000046,0.00309000000001447,-0.006499999999988404,0.009590000000002874
1.6.Au1.Ir10,4,0.07243900000003123,0.09140000000000725,0.018960999999976025,10,-0.3732000000000113,-0.026530000000008158,0.014100000000013324,0.04063000000002148
1.7.Au1.Ir11,4,0.06868900000003464,0.08740000000000236,0.018710999999967726,11,-0.3692000000000064,-0.00985000000005698,0.010800000000003251,0.02065000000006023
0.0.Ir0.Au12,5,-0.3012859999999762,-0.3666999999999945,0.06541400000001829,12,-0.45649999999999125,-0.8077800000000082,-0.7267000000000081,0.08108000000000004
0.1.Ir0.Au13,5,-0.03673399999996718,-0.05679999999999552,0.02006600000002834,13,-0.1465999999999923,-0.00836000000001036,-0.05310000000000059,0.04473999999999023
0.2.Ir0.Au14,5,-0.045144999999962465,-0.050299999999992906,0.005155000000030441,14,-0.14009999999998968,-0.048570000000012215,-0.011499999999998067,0.03707000000001415
0.3.Ir0.Au15,5,-0.047102999999935946,-0.06940000000000168,0.022297000000065736,15,-0.15919999999999845,0.007530000000002701,-0.033699999999996066,0.04122999999999877
0.4.Ir0.Au8,5,-0.04153600000000779,-0.06860000000000355,0.027063999999995758,8,-0.15840000000000032,0.01099999999999568,0.03649999999998954,0.02549999999999386
0.5.Ir0.Au9,5,-0.04554699999994227,-0.07830000000001291,0.03275300000007064,9,-0.16810000000000969,0.010919999999998709,0.011199999999988108,0.00027999999998939984
0.6.Ir0.Au10,5,-0.07742600000000266,-0.10590000000000543,0.028474000000002775,10,-0.1957000000000022,-0.057390000000026475,-0.00940000000001362,0.047990000000012856
0.7.Ir0.Au11,5,-0.05762899999999149,-0.08960000000000434,0.03197100000001285,11,-0.17940000000000111,-0.02529000000004089,-0.006100000000003547,0.019190000000037344
1.0.Ir1.Au12,5,-0.30485299999995163,-0.36539999999999395,0.06054700000004232,12,-0.45649999999999125,-0.822829999999982,-0.7314000000000078,0.09142999999997414
1.1.Ir1.Au13,5,-0.030935999999996966,-0.055499999999995,0.024563999999998032,13,-0.1465999999999923,-0.014130000000022847,-0.057800000000000296,0.04366999999997745
1.2.Ir1.Au14,5,-0.04395399999992833,-0.04899999999999238,0.005046000000064055,14,-0.14009999999998968,-0.05345000000002642,-0.016199999999997772,0.03725000000002865
1.3.Ir1.Au15,5,-0.045422999999971125,-0.06810000000000116,0.022677000000030034,15,-0.15919999999999845,0.00354999999998995,-0.03839999999999577,0.04194999999998572
1.4.Ir1.Au8,5,-0.042345999999952255,-0.06730000000000302,0.02495400000005077,8,-0.15840000000000032,0.017269999999996344,0.031799999999989836,0.014529999999993493
1.5.Ir1.Au9,5,-0.044749999999993406,-0.07700000000001239,0.032250000000018986,9,-0.16810000000000969,0.001519999999970878,0.006499999999988404,0.004980000000017526
1.6.Ir1.Au10,5,-0.07788899999999899,-0.10460000000000491,0.026711000000005924,10,-0.1957000000000022,-0.07433000000003176,-0.014100000000013324,0.060230000000018435
1.7.Ir1.Au11,5,-0.0576919999999177,-0.08830000000000382,0.030608000000086122,11,-0.17940000000000111,-0.038170000000064874,-0.010800000000003251,0.027370000000061623
0.0.Au0.Ir12,5,0.2625550000000203,0.3666999999999945,0.10414499999997417,12,-0.45649999999999125,0.428089999999969,0.7267000000000081,0.2986100000000391
0.1.Au0.Ir13,5,0.009688000000039665,0.05679999999999552,0.047111999999955856,13,-0.1465999999999923,0.026299999999991996,0.05310000000000059,0.026800000000008595
0.2.Au0.Ir14,5,-0.007561999999978752,0.050299999999992906,0.05786199999997166,14,-0.14009999999998968,-0.043630000000007385,0.011499999999998067,0.05513000000000545
0.3.Au0.Ir15,5,0.020498000000003458,0.06940000000000168,0.048901999999998225,15,-0.15919999999999845,0.012729999999976371,0.033699999999996066,0.020970000000019695
0.4.Au0.Ir8,5,0.044169000000039205,0.06860000000000355,0.024430999999964342,8,-0.15840000000000032,-0.054200000000008686,-0.03649999999998954,0.017700000000019145
0.5.Au0.Ir9,5,0.06769900000006146,0.07830000000001291,0.010600999999951455,9,-0.16810000000000969,0.012889999999970314,-0.011199999999988108,0.024089999999958422
0.6.Au0.Ir10,5,0.0806890000000351,0.10590000000000543,0.02521099999997034,10,-0.1957000000000022,-0.021710000000012997,0.00940000000001362,0.031110000000026616
0.7.Au0.Ir11,5,0.06673900000004096,0.08960000000000434,0.022860999999963383,11,-0.17940000000000111,-0.007520000000027949,0.006100000000003547,0.013620000000031496
1.0.Au1.Ir12,5,0.24788800000001743,0.36539999999999395,0.11751199999997652,12,-0.45649999999999125,0.42517999999998324,0.7314000000000078,0.3062200000000246
1.1.Au1.Ir13,5,0.014671000000021195,0.055499999999995,0.0408289999999738,13,-0.1465999999999923,0.02440999999998894,0.057800000000000296,0.033390000000011355
1.2.Au1.Ir14,5,-0.006401999999980035,0.04899999999999238,0.05540199999997242,14,-0.14009999999998968,-0.042610000000024684,0.016199999999997772,0.058810000000022455
1.3.Au1.Ir15,5,0.020469000000019832,0.06810000000000116,0.04763099999998133,15,-0.15919999999999845,0.012939999999986185,0.03839999999999577,0.025460000000009586
1.4.Au1.Ir8,5,0.048336000000062995,0.06730000000000302,0.01896399999994003,8,-0.15840000000000032,-0.041010000000056834,-0.031799999999989836,0.009210000000066998
1.5.Au1.Ir9,5,0.06314900000003831,0.07700000000001239,0.013850999999974078,9,-0.16810000000000969,0.00309000000001447,-0.006499999999988404,0.009590000000002874
1.6.Au1.Ir10,5,0.08173900000002732,0.10460000000000491,0.022860999999977594,10,-0.1957000000000022,-0.026530000000008158,0.014100000000013324,0.04063000000002148
1.7.Au1.Ir11,5,0.06856900000002497,0.08830000000000382,0.01973099999997885,11,-0.17940000000000111,-0.00985000000005698,0.010800000000003251,0.02065000000006023
0.0.Ir0.Au12,6,-0.8713459999999884,-0.8230999999999966,0.048245999999991795,12,-0.7295999999999907,-0.8077800000000082,-0.7267000000000081,0.08108000000000004
0.1.Ir0.Au13,6,-0.056683999999989965,-0.12869999999999493,0.07201600000000496,13,-0.03519999999998902,-0.00836000000001036,-0.05310000000000059,0.04473999999999023
0.2.Ir0.Au14,6,-0.10072499999998286,-0.08809999999999718,0.012624999999985675,14,0.005400000000008731,-0.048570000000012215,-0.011499999999998067,0.03707000000001415
0.3.Ir0.Au15,6,-0.0424229999999568,-0.11109999999999332,0.06867700000003651,15,-0.017599999999987403,0.007530000000002701,-0.033699999999996066,0.04122999999999877
0.4.Ir0.Au8,6,-0.03585600000002387,-0.04060000000001196,0.004743999999988091,8,0.05289999999999395,0.01099999999999568,0.03649999999998954,0.02549999999999386
0.5.Ir0.Au9,6,-0.03415699999996491,-0.06510000000001526,0.030943000000050347,9,0.028399999999990655,0.010919999999998709,0.011199999999988108,0.00027999999998939984
0.6.Ir0.Au10,6,-0.10440600000001155,-0.08570000000001698,0.01870599999999456,10,0.007799999999988927,-0.057390000000026475,-0.00940000000001362,0.047990000000012856
0.7.Ir0.Au11,6,-0.07205900000005272,-0.08330000000000837,0.011240999999955648,11,0.010199999999997544,-0.02529000000004089,-0.006100000000003547,0.019190000000037344
1.0.Ir1.Au12,6,-0.8874529999999652,-0.8280999999999921,0.05935299999997312,12,-0.7295999999999907,-0.822829999999982,-0.7314000000000078,0.09142999999997414
1.1.Ir1.Au13,6,-0.061626000000018166,-0.13369999999999038,0.07207399999997222,13,-0.03519999999998902,-0.014130000000022847,-0.057800000000000296,0.04366999999997745
1.2.Ir1.Au14,6,-0.10586399999996843,-0.09309999999999263,0.012763999999975795,14,0.005400000000008731,-0.05345000000002642,-0.016199999999997772,0.03725000000002865
1.3.Ir1.Au15,6,-0.04650300000000129,-0.11609999999998877,0.06959699999998747,15,-0.017599999999987403,0.00354999999998995,-0.03839999999999577,0.04194999999998572
1.4.Ir1.Au8,6,-0.029335999999972273,-0.04560000000000741,0.01626400000003514,8,0.05289999999999395,0.017269999999996344,0.031799999999989836,0.014529999999993493
1.5.Ir1.Au9,6,-0.044760000000025,-0.07010000000001071,0.025339999999985707,9,0.028399999999990655,0.001519999999970878,0.006499999999988404,0.004980000000017526
1.6.Ir1.Au10,6,-0.12060900000003016,-0.09070000000001244,0.029909000000017727,10,0.007799999999988927,-0.07433000000003176,-0.014100000000013324,0.060230000000018435
1.7.Ir1.Au11,6,-0.08543199999999729,-0.08830000000000382,0.002868000000006532,11,0.010199999999997544,-0.038170000000064874,-0.010800000000003251,0.027370000000061623
0.0.Au0.Ir12,6,0.5026450000000011,0.8230999999999966,0.3204549999999955,12,-0.7295999999999907,0.428089999999969,0.7267000000000081,0.2986100000000391
0.1.Au0.Ir13,6,0.07981799999998884,0.12869999999999493,0.04888200000000609,13,-0.03519999999998902,0.026299999999991996,0.05310000000000059,0.026800000000008595
0.2.Au0.Ir14,6,0.00876800000000344,0.08809999999999718,0.07933199999999374,14,0.005400000000008731,-0.043630000000007385,0.011499999999998067,0.05513000000000545
0.3.Au0.Ir15,6,0.06773799999999142,0.11109999999999332,0.0433620000000019,15,-0.017599999999987403,0.012729999999976371,0.033699999999996066,0.020970000000019695
0.4.Au0.Ir8,6,0.006579000000016322,0.04060000000001196,0.03402099999999564,8,0.05289999999999395,-0.054200000000008686,-0.03649999999998954,0.017700000000019145
0.5.Au0.Ir9,6,0.07871900000003507,0.06510000000001526,0.01361900000001981,9,0.028399999999990655,0.012889999999970314,-0.011199999999988108,0.024089999999958422
0.6.Au0.Ir10,6,0.03817900000001373,0.08570000000001698,0.047521000000003255,10,0.007799999999988927,-0.021710000000012997,0.00940000000001362,0.031110000000026616
0.7.Au0.Ir11,6,0.054289000000011356,0.08330000000000837,0.02901099999999701,11,0.010199999999997544,-0.007520000000027949,0.006100000000003547,0.013620000000031496
1.0.Au1.Ir12,6,0.4972479999999848,0.8280999999999921,0.33085200000000725,12,-0.7295999999999907,0.42517999999998324,0.7314000000000078,0.3062200000000246
1.1.Au1.Ir13,6,0.07952099999999973,0.13369999999999038,0.05417899999999065,13,-0.03519999999998902,0.02440999999998894,0.057800000000000296,0.033390000000011355
1.2.Au1.Ir14,6,0.009677999999979647,0.09309999999999263,0.08342200000001299,14,0.005400000000008731,-0.042610000000024684,0.016199999999997772,0.058810000000022455
1.3.Au1.Ir15,6,0.06804900000000202,0.11609999999998877,0.04805099999998674,15,-0.017599999999987403,0.012939999999986185,0.03839999999999577,0.025460000000009586
1.4.Au1.Ir8,6,0.025196000000022423,0.04560000000000741,0.02040399999998499,8,0.05289999999999395,-0.041010000000056834,-0.031799999999989836,0.009210000000066998
1.5.Au1.Ir9,6,0.06382900000002678,0.07010000000001071,0.006270999999983928,9,0.028399999999990655,0.00309000000001447,-0.006499999999988404,0.009590000000002874
1.6.Au1.Ir10,6,0.03361900000001583,0.09070000000001244,0.05708099999999661,10,0.007799999999988927,-0.026530000000008158,0.014100000000013324,0.04063000000002148
1.7.Au1.Ir11,6,0.051348999999987655,0.08830000000000382,0.036951000000016165,11,0.010199999999997544,-0.00985000000005698,0.010800000000003251,0.02065000000006023
0.0.Ir0.Au12,7,-0.879035999999985,-0.6825000000000045,0.1965359999999805,12,-0.8067999999999955,-0.8077800000000082,-0.7267000000000081,0.08108000000000004
0.1.Ir0.Au13,7,-0.08584399999995185,-0.1728999999999985,0.08705600000004665,13,-0.2971999999999895,-0.00836000000001036,-0.05310000000000059,0.04473999999999023
0.2.Ir0.Au14,7,-0.40090499999990925,-0.3415999999999997,0.05930499999990957,14,-0.46589999999999065,-0.048570000000012215,-0.011499999999998067,0.03707000000001415
0.3.Ir0.Au15,7,-0.039392999999961376,-0.13280000000000314,0.09340700000004176,15,-0.2570999999999941,0.007530000000002701,-0.033699999999996066,0.04122999999999877
0.4.Ir0.Au8,7,-0.052096000000005915,-0.025200000000012324,0.02689599999999359,8,-0.1495000000000033,0.01099999999999568,0.03649999999998954,0.02549999999999386
0.5.Ir0.Au9,7,-0.06018699999992805,-0.0747000000000213,0.014513000000093257,9,-0.19900000000001228,0.010919999999998709,0.011199999999988108,0.00027999999998939984
0.6.Ir0.Au10,7,-0.0735559999999964,-0.017900000000011573,0.05565599999998483,10,-0.14220000000000255,-0.057390000000026475,-0.00940000000001362,0.047990000000012856
0.7.Ir0.Au11,7,-0.06626899999997704,-0.04580000000001405,0.02046899999996299,11,-0.17010000000000502,-0.02529000000004089,-0.006100000000003547,0.019190000000037344
1.0.Ir1.Au12,7,-0.9078829999999414,-0.6981999999999999,0.20968299999994144,12,-0.8067999999999955,-0.822829999999982,-0.7314000000000078,0.09142999999997414
1.1.Ir1.Au13,7,-0.10573599999997896,-0.18859999999999388,0.08286400000001493,13,-0.2971999999999895,-0.014130000000022847,-0.057800000000000296,0.04366999999997745
1.2.Ir1.Au14,7,-0.41261399999993387,-0.35729999999999507,0.0553139999999388,14,-0.46589999999999065,-0.05345000000002642,-0.016199999999997772,0.03725000000002865
1.3.Ir1.Au15,7,-0.05517299999996794,-0.14849999999999852,0.09332700000003058,15,-0.2570999999999941,0.00354999999998995,-0.03839999999999577,0.04194999999998572
1.4.Ir1.Au8,7,-0.04811599999993632,-0.04090000000000771,0.007215999999928613,8,-0.1495000000000033,0.017269999999996344,0.031799999999989836,0.014529999999993493
1.5.Ir1.Au9,7,-0.08350999999998976,-0.09040000000001669,0.00689000000002693,9,-0.19900000000001228,0.001519999999970878,0.006499999999988404,0.004980000000017526
1.6.Ir1.Au10,7,-0.09748899999999594,-0.03360000000000696,0.06388899999998898,10,-0.14220000000000255,-0.07433000000003176,-0.014100000000013324,0.060230000000018435
1.7.Ir1.Au11,7,-0.09348199999993767,-0.061500000000009436,0.031981999999928235,11,-0.17010000000000502,-0.038170000000064874,-0.010800000000003251,0.027370000000061623
0.0.Au0.Ir12,7,0.35183500000005097,0.6825000000000045,0.3306649999999536,12,-0.8067999999999955,0.428089999999969,0.7267000000000081,0.2986100000000391
0.1.Au0.Ir13,7,0.12790800000004765,0.1728999999999985,0.04499199999995085,13,-0.2971999999999895,0.026299999999991996,0.05310000000000059,0.026800000000008595
0.2.Au0.Ir14,7,0.16863800000004403,0.3415999999999997,0.17296199999995565,14,-0.46589999999999065,-0.043630000000007385,0.011499999999998067,0.05513000000000545
0.3.Au0.Ir15,7,0.09844800000001896,0.13280000000000314,0.03435199999998417,15,-0.2570999999999941,0.012729999999976371,0.033699999999996066,0.020970000000019695
0.4.Au0.Ir8,7,-0.0188509999999269,0.025200000000012324,0.04405099999993922,8,-0.1495000000000033,-0.054200000000008686,-0.03649999999998954,0.017700000000019145
0.5.Au0.Ir9,7,0.08911900000003925,0.0747000000000213,0.014419000000017945,9,-0.19900000000001228,0.012889999999970314,-0.011199999999988108,0.024089999999958422
0.6.Au0.Ir10,7,-0.04926099999994449,0.017900000000011573,0.06716099999995606,10,-0.14220000000000255,-0.021710000000012997,0.00940000000001362,0.031110000000026616
0.7.Au0.Ir11,7,0.013319000000052483,0.04580000000001405,0.03248099999996157,11,-0.17010000000000502,-0.007520000000027949,0.006100000000003547,0.013620000000031496
1.0.Au1.Ir12,7,0.3583080000000223,0.6981999999999999,0.33989199999997766,12,-0.8067999999999955,0.42517999999998324,0.7314000000000078,0.3062200000000246
1.1.Au1.Ir13,7,0.12765100000007124,0.18859999999999388,0.06094899999992265,13,-0.2971999999999895,0.02440999999998894,0.057800000000000296,0.033390000000011355
1.2.Au1.Ir14,7,0.1770880000000261,0.35729999999999507,0.18021199999996895,14,-0.46589999999999065,-0.042610000000024684,0.016199999999997772,0.058810000000022455
1.3.Au1.Ir15,7,0.10457900000005793,0.14849999999999852,0.04392099999994059,15,-0.2570999999999941,0.012939999999986185,0.03839999999999577,0.025460000000009586
1.4.Au1.Ir8,7,0.011536000000091917,0.04090000000000771,0.02936399999991579,8,-0.1495000000000033,-0.041010000000056834,-0.031799999999989836,0.009210000000066998
1.5.Au1.Ir9,7,0.07707900000005452,0.09040000000001669,0.013320999999962169,9,-0.19900000000001228,0.00309000000001447,-0.006499999999988404,0.009590000000002874
1.6.Au1.Ir10,7,-0.04865099999994982,0.03360000000000696,0.08225099999995678,10,-0.14220000000000255,-0.026530000000008158,0.014100000000013324,0.04063000000002148
1.7.Au1.Ir11,7,0.012079000000056794,0.061500000000009436,0.04942099999995264,11,-0.17010000000000502,-0.00985000000005698,0.010800000000003251,0.02065000000006023
0.0.Ir0.Au12,8,-0.6507759999999791,-0.47169999999999845,0.1790759999999807,12,-0.6306999999999903,-0.8077800000000082,-0.7267000000000081,0.08108000000000004
0.1.Ir0.Au13,8,-0.10941399999995838,-0.20000000000000284,0.09058600000004446,13,-0.35899999999999466,-0.00836000000001036,-0.05310000000000059,0.04473999999999023
0.2.Ir0.Au14,8,-0.7953749999999502,-0.6351999999999975,0.16017499999995266,14,-0.7941999999999894,-0.048570000000012215,-0.011499999999998067,0.03707000000001415
0.3.Ir0.Au15,8,-0.08499299999996879,-0.1781000000000006,0.0931070000000318,15,-0.3370999999999924,0.007530000000002701,-0.033699999999996066,0.04122999999999877
0.4.Ir0.Au8,8,-0.07185599999999681,-0.03330000000001121,0.0385559999999856,8,-0.19230000000000302,0.01099999999999568,0.03649999999998954,0.02549999999999386
0.5.Ir0.Au9,8,-0.07860699999994836,-0.0951000000000164,0.016493000000068037,9,-0.2541000000000082,0.010919999999998709,0.011199999999988108,0.00027999999998939984
0.6.Ir0.Au10,8,-0.09859600000001478,-0.02570000000001471,0.07289600000000007,10,-0.18470000000000653,-0.057390000000026475,-0.00940000000001362,0.047990000000012856
0.7.Ir0.Au11,8,-0.06888899999998443,-0.04930000000001655,0.019588999999967882,11,-0.20830000000000837,-0.02529000000004089,-0.006100000000003547,0.019190000000037344
1.0.Ir1.Au12,8,-0.6636329999999475,-0.47239999999999327,0.19123299999995425,12,-0.6306999999999903,-0.822829999999982,-0.7314000000000078,0.09142999999997414
1.1.Ir1.Au13,8,-0.11576599999995096,-0.20069999999999766,0.0849340000000467,13,-0.35899999999999466,-0.014130000000022847,-0.057800000000000296,0.04366999999997745
1.2.Ir1.Au14,8,-0.7935439999999687,-0.6358999999999924,0.15764399999997636,14,-0.7941999999999894,-0.05345000000002642,-0.016199999999997772,0.03725000000002865
1.3.Ir1.Au15,8,-0.08455299999997123,-0.1787999999999954,0.09424700000002417,15,-0.3370999999999924,0.00354999999998995,-0.03839999999999577,0.04194999999998572
1.4.Ir1.Au8,8,-0.05091599999997243,-0.034000000000006025,0.016915999999966402,8,-0.19230000000000302,0.017269999999996344,0.031799999999989836,0.014529999999993493
1.5.Ir1.Au9,8,-0.0947400000000016,-0.09580000000001121,0.0010600000000096088,9,-0.2541000000000082,0.001519999999970878,0.006499999999988404,0.004980000000017526
1.6.Ir1.Au10,8,-0.1058490000000063,-0.026400000000009527,0.07944899999999677,10,-0.18470000000000653,-0.07433000000003176,-0.014100000000013324,0.060230000000018435
1.7.Ir1.Au11,8,-0.08060199999994211,-0.05000000000001137,0.03060199999993074,11,-0.20830000000000837,-0.038170000000064874,-0.010800000000003251,0.027370000000061623
0.0.Au0.Ir12,8,0.20909500000004755,0.47169999999999845,0.2626049999999509,12,-0.6306999999999903,0.428089999999969,0.7267000000000081,0.2986100000000391
0.1.Au0.Ir13,8,0.14634799999998904,0.20000000000000284,0.0536520000000138,13,-0.35899999999999466,0.026299999999991996,0.05310000000000059,0.026800000000008595
0.2.Au0.Ir14,8,0.3115680000000225,0.6351999999999975,0.32363199999997505,14,-0.7941999999999894,-0.043630000000007385,0.011499999999998067,0.05513000000000545
0.3.Au0.Ir15,8,0.1311680000000024,0.1781000000000006,0.0469319999999982,15,-0.3370999999999924,0.012729999999976371,0.033699999999996066,0.020970000000019695
0.4.Au0.Ir8,8,-0.0238409999999476,0.03330000000001121,0.05714099999995881,8,-0.19230000000000302,-0.054200000000008686,-0.03649999999998954,0.017700000000019145
0.5.Au0.Ir9,8,0.09493900000006761,0.0951000000000164,0.00016099999994878544,9,-0.2541000000000082,0.012889999999970314,-0.011199999999988108,0.024089999999958422
0.6.Au0.Ir10,8,-0.05334099999996056,0.02570000000001471,0.07904099999997527,10,-0.18470000000000653,-0.021710000000012997,0.00940000000001362,0.031110000000026616
0.7.Au0.Ir11,8,0.017029000000036376,0.04930000000001655,0.03227099999998018,11,-0.20830000000000837,-0.007520000000027949,0.006100000000003547,0.013620000000031496
1.0.Au1.Ir12,8,0.2055780000000027,0.47239999999999327,0.26682199999999057,12,-0.6306999999999903,0.42517999999998324,0.7314000000000078,0.3062200000000246
1.1.Au1.Ir13,8,0.13996100000002798,0.20069999999999766,0.06073899999996968,13,-0.35899999999999466,0.02440999999998894,0.057800000000000296,0.033390000000011355
1.2.Au1.Ir14,8,0.3090880000000311,0.6358999999999924,0.32681199999996124,14,-0.7941999999999894,-0.042610000000024684,0.016199999999997772,0.058810000000022455
1.3.Au1.Ir15,8,0.12707900000003747,0.1787999999999954,0.05172099999995794,15,-0.3370999999999924,0.012939999999986185,0.03839999999999577,0.025460000000009586
1.4.Au1.Ir8,8,-0.0011739999999349493,0.034000000000006025,0.035173999999940975,8,-0.19230000000000302,-0.041010000000056834,-0.031799999999989836,0.009210000000066998
1.5.Au1.Ir9,8,0.06844900000004372,0.09580000000001121,0.027350999999967485,9,-0.2541000000000082,0.00309000000001447,-0.006499999999988404,0.009590000000002874
1.6.Au1.Ir10,8,-0.060780999999963115,0.026400000000009527,0.08718099999997264,10,-0.18470000000000653,-0.026530000000008158,0.014100000000013324,0.04063000000002148
1.7.Au1.Ir11,8,0.009789000000012038,0.05000000000001137,0.04021099999999933,11,-0.20830000000000837,-0.00985000000005698,0.010800000000003251,0.02065000000006023
0.0.Ir0.Au12,9,-0.6775459999999782,-0.481899999999996,0.19564599999998222,12,-0.642399999999995,-0.8077800000000082,-0.7267000000000081,0.08108000000000004
0.1.Ir0.Au13,9,-0.1265139999999576,-0.21620000000000061,0.08968600000004301,13,-0.3766999999999996,-0.00836000000001036,-0.05310000000000059,0.04473999999999023
0.2.Ir0.Au14,9,-0.8609849999999426,-0.6627999999999901,0.19818499999995254,14,-0.823299999999989,-0.048570000000012215,-0.011499999999998067,0.03707000000001415
0.3.Ir0.Au15,9,-0.12387299999997481,-0.2149000000000001,0.09102700000002528,15,-0.37539999999999907,0.007530000000002701,-0.033699999999996066,0.04122999999999877
0.4.Ir0.Au8,9,-0.09752600000001621,-0.04250000000000398,0.05502600000001223,8,-0.20300000000000296,0.01099999999999568,0.03649999999998954,0.02549999999999386
0.5.Ir0.Au9,9,-0.09390699999994467,-0.10370000000000346,0.009793000000058782,9,-0.26420000000000243,0.010919999999998709,0.011199999999988108,0.00027999999998939984
0.6.Ir0.Au10,9,-0.09588600000000724,-0.041700000000005844,0.0541860000000014,10,-0.20220000000000482,-0.057390000000026475,-0.00940000000001362,0.047990000000012856
0.7.Ir0.Au11,9,-0.08138900000002991,-0.06670000000001153,0.014689000000018382,11,-0.2272000000000105,-0.02529000000004089,-0.006100000000003547,0.019190000000037344
1.0.Ir1.Au12,9,-0.6874929999999893,-0.47979999999999734,0.2076929999999919,12,-0.642399999999995,-0.822829999999982,-0.7314000000000078,0.09142999999997414
1.1.Ir1.Au13,9,-0.13073599999998464,-0.21410000000000196,0.08336400000001731,13,-0.3766999999999996,-0.014130000000022847,-0.057800000000000296,0.04366999999997745
1.2.Ir1.Au14,9,-0.85843399999996,-0.6606999999999914,0.19773399999996855,14,-0.823299999999989,-0.05345000000002642,-0.016199999999997772,0.03725000000002865
1.3.Ir1.Au15,9,-0.11840299999997228,-0.21280000000000143,0.09439700000002915,15,-0.37539999999999907,0.00354999999998995,-0.03839999999999577,0.04194999999998572
1.4.Ir1.Au8,9,-0.07134599999997704,-0.04040000000000532,0.03094599999997172,8,-0.20300000000000296,0.017269999999996344,0.031799999999989836,0.014529999999993493
1.5.Ir1.Au9,9,-0.11323000000001571,-0.1016000000000048,0.01163000000001091,9,-0.26420000000000243,0.001519999999970878,0.006499999999988404,0.004980000000017526
1.6.Ir1.Au10,9,-0.1011790000000019,-0.039600000000007185,0.06157899999999472,10,-0.20220000000000482,-0.07433000000003176,-0.014100000000013324,0.060230000000018435
1.7.Ir1.Au11,9,-0.09270199999994588,-0.06460000000001287,0.028101999999933014,11,-0.2272000000000105,-0.038170000000064874,-0.010800000000003251,0.027370000000061623
0.0.Au0.Ir12,9,0.20490500000002498,0.481899999999996,0.276994999999971,12,-0.642399999999995,0.428089999999969,0.7267000000000081,0.2986100000000391
0.1.Au0.Ir13,9,0.16101799999998434,0.21620000000000061,0.055182000000016274,13,-0.3766999999999996,0.026299999999991996,0.05310000000000059,0.026800000000008595
0.2.Au0.Ir14,9,0.30591799999999125,0.6627999999999901,0.3568819999999988,14,-0.823299999999989,-0.043630000000007385,0.011499999999998067,0.05513000000000545
0.3.Au0.Ir15,9,0.1618880000000047,0.2149000000000001,0.053011999999995396,15,-0.37539999999999907,0.012729999999976371,0.033699999999996066,0.020970000000019695
0.4.Au0.Ir8,9,-0.029020999999971764,0.04250000000000398,0.07152099999997574,8,-0.20300000000000296,-0.054200000000008686,-0.03649999999998954,0.017700000000019145
0.5.Au0.Ir9,9,0.09900900000005208,0.10370000000000346,0.004690999999951373,9,-0.26420000000000243,0.012889999999970314,-0.011199999999988108,0.024089999999958422
0.6.Au0.Ir10,9,-0.02800099999996064,0.041700000000005844,0.06970099999996648,10,-0.20220000000000482,-0.021710000000012997,0.00940000000001362,0.031110000000026616
0.7.Au0.Ir11,9,0.035499000000044134,0.06670000000001153,0.031200999999967394,11,-0.2272000000000105,-0.007520000000027949,0.006100000000003547,0.013620000000031496
1.0.Au1.Ir12,9,0.19699799999997936,0.47979999999999734,0.282802000000018,12,-0.642399999999995,0.42517999999998324,0.7314000000000078,0.3062200000000246
1.1.Au1.Ir13,9,0.1551910000000305,0.21410000000000196,0.058908999999971456,13,-0.3766999999999996,0.02440999999998894,0.057800000000000296,0.033390000000011355
1.2.Au1.Ir14,9,0.29835800000000745,0.6606999999999914,0.36234199999998395,14,-0.823299999999989,-0.042610000000024684,0.016199999999997772,0.058810000000022455
1.3.Au1.Ir15,9,0.15812900000003083,0.21280000000000143,0.054670999999970604,15,-0.37539999999999907,0.012939999999986185,0.03839999999999577,0.025460000000009586
1.4.Au1.Ir8,9,-0.003113999999953876,0.04040000000000532,0.043513999999959196,8,-0.20300000000000296,-0.041010000000056834,-0.031799999999989836,0.009210000000066998
1.5.Au1.Ir9,9,0.06722900000002596,0.1016000000000048,0.034370999999978835,9,-0.26420000000000243,0.00309000000001447,-0.006499999999988404,0.009590000000002874
1.6.Au1.Ir10,9,-0.03593099999997662,0.039600000000007185,0.0755309999999838,10,-0.20220000000000482,-0.026530000000008158,0.014100000000013324,0.04063000000002148
1.7.Au1.Ir11,9,0.025969000000031883,0.06460000000001287,0.038630999999980986,11,-0.2272000000000105,-0.00985000000005698,0.010800000000003251,0.02065000000006023
0.0.Ir0.Au12,10,-0.6833059999999875,-0.4876999999999896,0.19560599999999795,12,-0.6460999999999899,-0.8077800000000082,-0.7267000000000081,0.08108000000000004
0.1.Ir0.Au13,10,-0.12884399999995821,-0.22009999999998797,0.09125600000002976,13,-0.3784999999999883,-0.00836000000001036,-0.05310000000000059,0.04473999999999023
0.2.Ir0.Au14,10,-0.8630049999999585,-0.6628999999999934,0.20010499999996512,14,-0.8212999999999937,-0.048570000000012215,-0.011499999999998067,0.03707000000001415
0.3.Ir0.Au15,10,-0.13054299999996033,-0.22269999999998902,0.09215700000002869,15,-0.38109999999998934,0.007530000000002701,-0.033699999999996066,0.04122999999999877
0.4.Ir0.Au8,10,-0.10260600000000863,-0.04570000000001073,0.0569059999999979,8,-0.20410000000001105,0.01099999999999568,0.03649999999998954,0.02549999999999386
0.5.Ir0.Au9,10,-0.0987469999999746,-0.10890000000000555,0.010153000000030943,9,-0.26730000000000587,0.010919999999998709,0.011199999999988108,0.00027999999998939984
0.6.Ir0.Au10,10,-0.09684599999999932,-0.047100000000000364,0.04974599999999896,10,-0.20550000000000068,-0.057390000000026475,-0.00940000000001362,0.047990000000012856
0.7.Ir0.Au11,10,-0.08230900000000929,-0.07110000000000127,0.011209000000008018,11,-0.2295000000000016,-0.02529000000004089,-0.006100000000003547,0.019190000000037344
1.0.Ir1.Au12,10,-0.6928529999999569,-0.4849999999999852,0.20785299999997164,12,-0.6460999999999899,-0.822829999999982,-0.7314000000000078,0.09142999999997414
1.1.Ir1.Au13,10,-0.132585999999975,-0.2173999999999836,0.0848140000000086,13,-0.3784999999999883,-0.014130000000022847,-0.057800000000000296,0.04366999999997745
1.2.Ir1.Au14,10,-0.8597439999999494,-0.660199999999989,0.19954399999996042,14,-0.8212999999999937,-0.05345000000002642,-0.016199999999997772,0.03725000000002865
1.3.Ir1.Au15,10,-0.1241929999999627,-0.21999999999998465,0.09580700000002196,15,-0.38109999999998934,0.00354999999998995,-0.03839999999999577,0.04194999999998572
1.4.Ir1.Au8,10,-0.07595599999999081,-0.043000000000006366,0.03295599999998444,8,-0.20410000000001105,0.017269999999996344,0.031799999999989836,0.014529999999993493
1.5.Ir1.Au9,10,-0.11812000000000467,-0.10620000000000118,0.011920000000003483,9,-0.26730000000000587,0.001519999999970878,0.006499999999988404,0.004980000000017526
1.6.Ir1.Au10,10,-0.10057900000001041,-0.044399999999996,0.05617900000001441,10,-0.20550000000000068,-0.07433000000003176,-0.014100000000013324,0.060230000000018435
1.7.Ir1.Au11,10,-0.09494199999991793,-0.06839999999999691,0.026541999999921018,11,-0.2295000000000016,-0.038170000000064874,-0.010800000000003251,0.027370000000061623
0.0.Au0.Ir12,10,0.20786500000005503,0.4876999999999896,0.27983499999993455,12,-0.6460999999999899,0.428089999999969,0.7267000000000081,0.2986100000000391
0.1.Au0.Ir13,10,0.1638279999999952,0.22009999999998797,0.05627199999999277,13,-0.3784999999999883,0.026299999999991996,0.05310000000000059,0.026800000000008595
0.2.Au0.Ir14,10,0.3026480000000049,0.6628999999999934,0.36025199999998847,14,-0.8212999999999937,-0.043630000000007385,0.011499999999998067,0.05513000000000545
0.3.Au0.Ir15,10,0.1666179999999997,0.22269999999998902,0.05608199999998931,15,-0.38109999999998934,0.012729999999976371,0.033699999999996066,0.020970000000019695
0.4.Au0.Ir8,10,-0.030270999999942205,0.04570000000001073,0.07597099999995294,8,-0.20410000000001105,-0.054200000000008686,-0.03649999999998954,0.017700000000019145
0.5.Au0.Ir9,10,0.10210900000006973,0.10890000000000555,0.006790999999935821,9,-0.26730000000000587,0.012889999999970314,-0.011199999999988108,0.024089999999958422
0.6.Au0.Ir10,10,-0.023480999999975438,0.047100000000000364,0.0705809999999758,10,-0.20550000000000068,-0.021710000000012997,0.00940000000001362,0.031110000000026616
0.7.Au0.Ir11,10,0.04014900000004218,0.07110000000000127,0.030950999999959095,11,-0.2295000000000016,-0.007520000000027949,0.006100000000003547,0.013620000000031496
1.0.Au1.Ir12,10,0.19972800000002167,0.4849999999999852,0.28527199999996355,12,-0.6460999999999899,0.42517999999998324,0.7314000000000078,0.3062200000000246
1.1.Au1.Ir13,10,0.1578110000000379,0.2173999999999836,0.05958899999994571,13,-0.3784999999999883,0.02440999999998894,0.057800000000000296,0.033390000000011355
1.2.Au1.Ir14,10,0.2948080000000175,0.660199999999989,0.3653919999999715,14,-0.8212999999999937,-0.042610000000024684,0.016199999999997772,0.058810000000022455
1.3.Au1.Ir15,10,0.16328900000002022,0.21999999999998465,0.05671099999996443,15,-0.38109999999998934,0.012939999999986185,0.03839999999999577,0.025460000000009586
1.4.Au1.Ir8,10,-0.00391399999992359,0.043000000000006366,0.046913999999929956,8,-0.20410000000001105,-0.041010000000056834,-0.031799999999989836,0.009210000000066998
1.5.Au1.Ir9,10,0.0704390000000501,0.10620000000000118,0.03576099999995108,9,-0.26730000000000587,0.00309000000001447,-0.006499999999988404,0.009590000000002874
1.6.Au1.Ir10,10,-0.030210999999980004,0.044399999999996,0.074610999999976,10,-0.20550000000000068,-0.026530000000008158,0.014100000000013324,0.04063000000002148
1.7.Au1.Ir11,10,0.028789000000045917,0.06839999999999691,0.03961099999995099,11,-0.2295000000000016,-0.00985000000005698,0.010800000000003251,0.02065000000006023
